{
  "top1": {
    "micro_f1": 0.2857142857142857,
    "macro_f1": 0.05555555555555555,
    "jaccard_samples": 0.3333333333333333,
    "exact_match_ratio": 0.3333333333333333,
    "avg_true_labels": 1.3333333333333333,
    "avg_pred_labels": 1.0,
    "abs_cardinality_error": 0.33333333333333326,
    "lrap": 0.4444444444444444
  },
  "top2": {
    "micro_f1": 0.2,
    "macro_f1": 0.05555555555555555,
    "jaccard_samples": 0.16666666666666666,
    "exact_match_ratio": 0.0,
    "avg_true_labels": 1.3333333333333333,
    "avg_pred_labels": 2.0,
    "abs_cardinality_error": 0.6666666666666667,
    "lrap": 0.4444444444444444
  },
  "threshold_delta": {
    "tau": 0.2,
    "delta": 0.0,
    "micro_f1": 0.3333333333333333,
    "macro_f1": 0.07407407407407407,
    "jaccard_samples": 0.3333333333333333,
    "exact_match_ratio": 0.3333333333333333,
    "avg_true_labels": 1.3333333333333333,
    "avg_pred_labels": 0.6666666666666666,
    "abs_cardinality_error": 0.6666666666666666,
    "lrap": 0.4444444444444444
  }
}