{
  "top1": {
    "micro_f1": 0.4857142857142857,
    "macro_f1": 0.4448851046073268,
    "jaccard_samples": 0.3724832214765101,
    "exact_match_ratio": 0.28859060402684567,
    "avg_true_labels": 0.8791946308724832,
    "avg_pred_labels": 1.0,
    "abs_cardinality_error": 0.12080536912751683,
    "lrap": 0.7301907968574636
  },
  "top2": {
    "micro_f1": 0.4289044289044289,
    "macro_f1": 0.39145056021481006,
    "jaccard_samples": 0.28635346756152125,
    "exact_match_ratio": 0.06711409395973154,
    "avg_true_labels": 0.8791946308724832,
    "avg_pred_labels": 2.0,
    "abs_cardinality_error": 1.1208053691275168,
    "lrap": 0.7301907968574636
  },
  "threshold_delta": {
    "tau": 0.03,
    "delta": 0.08,
    "micro_f1": 0.5425101214574899,
    "macro_f1": 0.5047334979189416,
    "jaccard_samples": 0.3126398210290827,
    "exact_match_ratio": 0.4161073825503356,
    "avg_true_labels": 0.8791946308724832,
    "avg_pred_labels": 0.7785234899328859,
    "abs_cardinality_error": 0.10067114093959728,
    "lrap": 0.7301907968574636
  }
}