field,null_pct
year,1.8334703167478028
doi,20.70240880065752
journal,10.814313713093506
keywords,42.60921793007524
authors,0.18334703167478028
abstract_norm,0.022128090029714866
