field,null_pct
year,1.2857142857142856
doi,23.285714285714285
journal,10.142857142857142
keywords,41.714285714285715
authors,0.2857142857142857
abstract_norm,0.0
