{
  "top1": {
    "micro_f1": 0.40569395017793597,
    "macro_f1": 0.34323334892955143,
    "jaccard_samples": 0.30333333333333334,
    "exact_match_ratio": 0.22666666666666666,
    "avg_true_labels": 0.8733333333333333,
    "avg_pred_labels": 1.0,
    "abs_cardinality_error": 0.1266666666666667,
    "lrap": 0.4826038159371495
  },
  "top2": {
    "micro_f1": 0.33410672853828305,
    "macro_f1": 0.34274888945477183,
    "jaccard_samples": 0.2211111111111111,
    "exact_match_ratio": 0.05333333333333334,
    "avg_true_labels": 0.8733333333333333,
    "avg_pred_labels": 2.0,
    "abs_cardinality_error": 1.1266666666666667,
    "lrap": 0.4826038159371495
  },
  "threshold_delta": {
    "tau": 0.2,
    "delta": 0.0,
    "micro_f1": 0.48514851485148514,
    "macro_f1": 0.40216303156873406,
    "jaccard_samples": 0.25,
    "exact_match_ratio": 0.47333333333333333,
    "avg_true_labels": 0.8733333333333333,
    "avg_pred_labels": 0.47333333333333333,
    "abs_cardinality_error": 0.39999999999999997,
    "lrap": 0.4826038159371495
  }
}