{
  "top1": {
    "micro_f1": 0.48398576512455516,
    "macro_f1": 0.4389723054518301,
    "jaccard_samples": 0.36666666666666664,
    "exact_match_ratio": 0.28,
    "avg_true_labels": 0.8733333333333333,
    "avg_pred_labels": 1.0,
    "abs_cardinality_error": 0.1266666666666667,
    "lrap": 0.7301907968574637
  },
  "top2": {
    "micro_f1": 0.43155452436194897,
    "macro_f1": 0.39788928196939494,
    "jaccard_samples": 0.28777777777777774,
    "exact_match_ratio": 0.06666666666666667,
    "avg_true_labels": 0.8733333333333333,
    "avg_pred_labels": 2.0,
    "abs_cardinality_error": 1.1266666666666667,
    "lrap": 0.7301907968574637
  },
  "threshold_delta": {
    "tau": 0.2,
    "delta": 0.0,
    "micro_f1": 0.029850746268656716,
    "macro_f1": 0.05396825396825397,
    "jaccard_samples": 0.01,
    "exact_match_ratio": 0.34,
    "avg_true_labels": 0.8733333333333333,
    "avg_pred_labels": 0.02,
    "abs_cardinality_error": 0.8533333333333333,
    "lrap": 0.7301907968574637
  }
}