{
  "top1": {
    "micro_f1": 0.34285714285714286,
    "macro_f1": 0.36781849633845454,
    "jaccard_samples": 0.27181208053691275,
    "exact_match_ratio": 0.2214765100671141,
    "avg_true_labels": 0.8791946308724832,
    "avg_pred_labels": 1.0,
    "abs_cardinality_error": 0.12080536912751683,
    "lrap": 0.6475388808722143
  },
  "top2": {
    "micro_f1": 0.358974358974359,
    "macro_f1": 0.34311486990632384,
    "jaccard_samples": 0.2337807606263982,
    "exact_match_ratio": 0.03355704697986577,
    "avg_true_labels": 0.8791946308724832,
    "avg_pred_labels": 2.0,
    "abs_cardinality_error": 1.1208053691275168,
    "lrap": 0.6475388808722143
  },
  "threshold_delta": {
    "tau": 0.75,
    "delta": 0.02,
    "micro_f1": 0.40514469453376206,
    "macro_f1": 0.3993112972237651,
    "jaccard_samples": 0.27874720357941835,
    "exact_match_ratio": 0.3087248322147651,
    "avg_true_labels": 0.8791946308724832,
    "avg_pred_labels": 1.2080536912751678,
    "abs_cardinality_error": 0.32885906040268464,
    "lrap": 0.6475388808722143
  }
}