doc_id,gold_labels,pred_top1,pred_top2,pred_multilabel,pred_multilabel_count,score_PB1,score_PB2,score_PB3,score_PB4,score_PB5,score_PB6,score_PB7,score_PB8,score_PB9
cb831c750a69,PB7,PB7,PB6,"PB6,PB7",2,0.68914056,0.6756784,0.5652774,0.6537117,0.66588473,0.7405974,0.7952602,0.6824362,0.63591844
915bef103e53,"PB5,PB7",PB6,PB7,"PB1,PB5,PB6,PB7",4,0.65892583,0.5946876,0.60847145,0.65054446,0.6648861,0.7128944,0.674883,0.5124757,0.64686245
915bef103e53,PB1,PB6,PB7,"PB1,PB5,PB6,PB7",4,0.65892583,0.5946876,0.60847145,0.65054446,0.6648861,0.7128944,0.674883,0.5124757,0.64686245
