{
  "top1": {
    "micro_f1": 0.3,
    "macro_f1": 0.3086123249719741,
    "jaccard_samples": 0.22483221476510068,
    "exact_match_ratio": 0.16778523489932887,
    "avg_true_labels": 0.8791946308724832,
    "avg_pred_labels": 1.0,
    "abs_cardinality_error": 0.12080536912751683,
    "lrap": 0.6165624498957833
  },
  "top2": {
    "micro_f1": 0.34965034965034963,
    "macro_f1": 0.37515173692706866,
    "jaccard_samples": 0.22818791946308725,
    "exact_match_ratio": 0.053691275167785234,
    "avg_true_labels": 0.8791946308724832,
    "avg_pred_labels": 2.0,
    "abs_cardinality_error": 1.1208053691275168,
    "lrap": 0.6165624498957833
  },
  "threshold_delta": {
    "tau": 0.75,
    "delta": 0.02,
    "micro_f1": 0.34334763948497854,
    "macro_f1": 0.3578241231763054,
    "jaccard_samples": 0.21131351869606904,
    "exact_match_ratio": 0.087248322147651,
    "avg_true_labels": 0.8791946308724832,
    "avg_pred_labels": 2.248322147651007,
    "abs_cardinality_error": 1.3691275167785237,
    "lrap": 0.6165624498957833
  }
}