{
  "top1": {
    "micro_f1": 0.298932384341637,
    "macro_f1": 0.30543772179737094,
    "jaccard_samples": 0.22333333333333333,
    "exact_match_ratio": 0.16666666666666666,
    "avg_true_labels": 0.8733333333333333,
    "avg_pred_labels": 1.0,
    "abs_cardinality_error": 0.1266666666666667,
    "lrap": 0.6168991502324838
  },
  "top2": {
    "micro_f1": 0.3480278422273782,
    "macro_f1": 0.37304192664019664,
    "jaccard_samples": 0.22666666666666666,
    "exact_match_ratio": 0.05333333333333334,
    "avg_true_labels": 0.8733333333333333,
    "avg_pred_labels": 2.0,
    "abs_cardinality_error": 1.1266666666666667,
    "lrap": 0.6168991502324838
  },
  "threshold_delta": {
    "tau": 0.75,
    "delta": 0.02,
    "micro_f1": 0.33970276008492567,
    "macro_f1": 0.3539268978546584,
    "jaccard_samples": 0.20990476190476193,
    "exact_match_ratio": 0.08666666666666667,
    "avg_true_labels": 0.8733333333333333,
    "avg_pred_labels": 2.2666666666666666,
    "abs_cardinality_error": 1.3933333333333333,
    "lrap": 0.6168991502324838
  }
}