doc_id,gold_labels,pred_top1,pred_top2,pred_multilabel,pred_multilabel_count,score_PB1,score_PB2,score_PB3,score_PB4,score_PB5,score_PB6,score_PB7,score_PB8,score_PB9
cb831c750a69,PB7,PB7,PB8,,0,0.0,0.0,0.0,0.016654297186717043,0.002804938757693348,0.002365260350703561,0.1830471768430446,0.024969629466035776,0.0
915bef103e53,"PB5,PB7",PB7,PB6,,0,0.00920083393667051,0.005851945513904329,0.003771275931980355,0.0041829934283526575,0.017324955352346467,0.03173580317900153,0.06793581370800443,0.004258452670584383,0.006739576138469252
915bef103e53,PB1,PB7,PB6,,0,0.00920083393667051,0.005851945513904329,0.003771275931980355,0.0041829934283526575,0.017324955352346467,0.03173580317900153,0.06793581370800443,0.004258452670584383,0.006739576138469252
